<?xml version="1.0" encoding="utf-8" standalone="no"?>
<vehicle type="Enisey_1200_1">
    <annotation>Copyright (C) GIANTS Software GmbH, All Rights Reserved.</annotation>
	<storeData>
        <name>1200_1</name>
        <specs>
            <power>19000</power>
            <maxSpeed>35</maxSpeed>
            <combination>ZHKN_5</combination>
        </specs>
        <functions>
            <function>$l10n_function_combine</function>
            <function>$l10n_function_combineNeedsCutter</function>
        </functions>
        <image>Textures/store_Enisey.dds</image>
        <price>441</price>
        <dailyUpkeep>0</dailyUpkeep>
        <lifetime>1600</lifetime>
        <rotation>0</rotation>
        <brand>KZK</brand>
        <category>harvesters</category>
        <vertexBufferMemoryUsage>4810848</vertexBufferMemoryUsage>
        <indexBufferMemoryUsage>1298274</indexBufferMemoryUsage>
        <textureMemoryUsage>47274008</textureMemoryUsage>
        <instanceVertexBufferMemoryUsage>0</instanceVertexBufferMemoryUsage>
        <instanceIndexBufferMemoryUsage>0</instanceIndexBufferMemoryUsage>
    </storeData>
	
	<typeDesc>$l10n_typeDesc_combine</typeDesc>
    <filename>Enisey_1200_1.i3d</filename>
    
	<size width="5" length="10" lengthOffset="0.3"/>
   
    <wheelConfigurations>
        <wheelConfiguration name="$l10n_configuration_valueDefault" price="0">
            <wheels autoRotateBackSpeed="1.5">
                <wheel rotSpeed="0"  restLoad="1.6" repr="0>0|0|0"                forcePointRatio="0.2" filename="wheels/wheels_Front.xml" configIndex="wheels_Front" isLeft="true"  initialCompression="30" suspTravel="0.2"  spring="200" damper="200" hasTireTracks="true" hasParticles="true" />
                <wheel rotSpeed="0"  restLoad="1.6" repr="0>0|0|1"                forcePointRatio="0.2" filename="wheels/wheels_Front.xml" configIndex="wheels_Front" isLeft="false" initialCompression="30" suspTravel="0.2"  spring="200" damper="200" hasTireTracks="true" hasParticles="true" />
                <wheel rotSpeed="-1" restLoad="3.2" repr="1>0" driveNode="1>0|0"  forcePointRatio="0.2" filename="wheels/wheels_Back.xml"  configIndex="wheels_Back"  isLeft="true"  initialCompression="50" suspTravel="0.05" spring="200" damper="200" hasTireTracks="true" hasParticles="true" />
                <wheel rotSpeed="-1" restLoad="3.2" repr="1>1" driveNode="1>1|0"  forcePointRatio="0.2" filename="wheels/wheels_Back.xml"  configIndex="wheels_Back"  isLeft="false" initialCompression="50" suspTravel="0.05" spring="200" damper="200" hasTireTracks="true" hasParticles="true" />
            </wheels>                                                                          
        </wheelConfiguration>                                                                 
    </wheelConfigurations>
   
	<ackermannSteeringConfigurations>
        <ackermannSteering rotSpeed="48" rotMax="55" rotCenterWheel1="0" rotCenterWheel2="1" />
    </ackermannSteeringConfigurations>
    
	<differentialConfigurations>
        <differentials>
            <differential torqueRatio="0.5" maxSpeedRatio="1.4" wheelIndex1="0" wheelIndex2="1" />
        </differentials>  
    </differentialConfigurations>
	
	<motorConfigurations>
        <motorConfiguration name="$l10n_configuration_valueDefault" price="0">
            <motor torqueScale="0.375" minRpm="600" maxRpm="2000" maxForwardSpeed="20" maxBackwardSpeed="4" brakeForce="2.0" lowBrakeForceScale="0.22" lowBrakeForceSpeedLimit="1" rotInertia="0.001" minForwardGearRatio="39.5" maxForwardGearRatio="300" minBackwardGearRatio="40" maxBackwardGearRatio="300">
                <torque normRpm="0.45" torque="0.9"/>
                <torque normRpm="0.5" torque="0.97"/>
                <torque normRpm="0.59" torque="1"/>
                <torque normRpm="0.72" torque="1"/>
                <torque normRpm="0.86" torque="0.88"/>
                <torque normRpm="1" torque="0.72"/>
            </motor>
        </motorConfiguration>
        <motorConfiguration name="Cipher 1" price="0" hp="15000">
            <motor torqueScale="0.375" minRpm="600" maxRpm="2000" maxForwardSpeed="35" maxBackwardSpeed="20" brakeForce="2.0" lowBrakeForceScale="0.22" lowBrakeForceSpeedLimit="1" rotInertia="0.001" minForwardGearRatio="39.5" maxForwardGearRatio="300" minBackwardGearRatio="40" maxBackwardGearRatio="300">
                <torque normRpm="0.45" torque="1"/>
                <torque normRpm="0.5" torque="2"/>
                <torque normRpm="0.59" torque="2"/>
                <torque normRpm="0.72" torque="2"/>
                <torque normRpm="0.86" torque="1"/>
                <torque normRpm="1" torque="1"/>
            </motor>
        </motorConfiguration>
        <motorConfiguration name="Cipher 2" price="0" hp="17000">
            <motor torqueScale="0.375" minRpm="600" maxRpm="2000" maxForwardSpeed="35" maxBackwardSpeed="20" brakeForce="2.0" lowBrakeForceScale="0.22" lowBrakeForceSpeedLimit="1" rotInertia="0.001" minForwardGearRatio="39.5" maxForwardGearRatio="300" minBackwardGearRatio="40" maxBackwardGearRatio="300">
                <torque normRpm="0.45" torque="1"/>
                <torque normRpm="0.5" torque="2"/>
                <torque normRpm="0.59" torque="2"/>
                <torque normRpm="0.72" torque="2"/>
                <torque normRpm="0.86" torque="1"/>
                <torque normRpm="1" torque="1"/>
            </motor>
        </motorConfiguration>
        <motorConfiguration name="Cipher 2" price="0" hp="19000">
            <motor torqueScale="0.375" minRpm="600" maxRpm="2000" maxForwardSpeed="35" maxBackwardSpeed="20" brakeForce="2.0" lowBrakeForceScale="0.22" lowBrakeForceSpeedLimit="1" rotInertia="0.001" minForwardGearRatio="39.5" maxForwardGearRatio="300" minBackwardGearRatio="40" maxBackwardGearRatio="300">
                <torque normRpm="0.45" torque="1"/>
                <torque normRpm="0.5" torque="2"/>
                <torque normRpm="0.59" torque="2"/>
                <torque normRpm="0.72" torque="2"/>
                <torque normRpm="0.86" torque="1"/>
                <torque normRpm="1" torque="1"/>
            </motor>
        </motorConfiguration>
    </motorConfigurations>
	
	<exhaustEffects>
        <exhaustEffect index="0>8|1|0" filename="$data/particleSystems/shared/exhaust.i3d" minRpmColor="0.3 0.3 0.3 5" maxRpmColor="0.0 0.0 0.0 5" minRpmScale="0.05" maxRpmScale="0.5" xzRotationsOffset="0 0" xzRotationsForward="-250 0" xzRotationsBackward="50 0" xzRotationsLeft="0 100" xzRotationsRight="0 -100" />
    </exhaustEffects>
	<exhaustFlap index="0>8|1|1|0" maxRot="75" />
	
    <fuelCapacity>2500</fuelCapacity>
    
    <cameras count="2">
        <camera1 index="0>1|0|0" rotatable="true" rotateNode="0>1|0" limit="true" useWorldXZRotation="true" rotMinX="-1.4" rotMaxX="1" transMin="7" transMax="20" useDefaultPositionSmoothing="false" >
            <raycastNode index="0>1|2"/>
            <raycastNode index="0>1|3"/>
        </camera1>
        <camera2 index="0>1|1" rotatable="true" limit="true" rotMinX="-1.1" rotMaxX="0.4" transMin="0" transMax="0" useMirror="true" isInside="true" useDefaultPositionSmoothing="false" />
    </cameras>
	
     <lights>
        <low>
            <light                        decoration="0>2|0|0"   lightTypes="0 3" /> <!--Decoration for FrontLights and Highbeams-->
            <light realLight="0>2|0|1"                           lightTypes="0" excludedLightTypes="3" /> <!--FrontLights-->
            <light realLight="0>2|0|2"                           lightTypes="3" excludedLightTypes="2" /> <!--HighBeam-->
        </low>
        <high>
            <light                        decoration="0>2|0|0"   lightTypes="0 3" /> <!--Decoration for FrontLights and Highbeams-->
            <light realLight="0>2|0|3"                           lightTypes="0" excludedLightTypes="2 3" /> <!--FrontLights-->
            <light realLight="0>2|0|4"                           lightTypes="3" excludedLightTypes="2" /> <!--HighBeam-->
        </high>
        <states>
            <state lightTypes="0" />
        </states>
    </lights>
	
    <beaconLights>
        <beaconLight index="0>2|2" speed="0.015" filename="$data/shared/beaconLights/beaconLight02.i3d"/>
    </beaconLights>
   
    <steering index="0>6|0" indoorRotation="65" outdoorRotation="35"/>
	
    <enterReferenceNode index="0>"/>
    <exitPoint index="0>3"/>
	
    <indoorHud>
        <fuel  animName="fuelDisplay"/>
        <rpm   animName="rpmDisplay"/>
		<speed animName="speedDisplay"/>
    </indoorHud>
	
    <combineSize>2</combineSize>
	
    <motorStartDuration>7900</motorStartDuration>
    <motorStartSound           file="Sound/start.wav"                                    pitchOffset="0.90" volume="1.00" indoorVolumeFactor="0.60" indoorLowpassGain="0.75" />
    <motorSound                file="Sound/run.wav"                                      pitchOffset="0.90" volume="1.00" indoorVolumeFactor="0.60" indoorLowpassGain="0.75" pitchMax="1.30" />
    <motorStopSound            file="Sound/out.ogg"                                      pitchOffset="1.00" volume="1.00" indoorVolumeFactor="0.60" indoorLowpassGain="0.75" />
    <motorSoundRun             file="Sound/run.wav"                                      pitchOffset="0.55" volume="0.50" indoorVolumeFactor="0.65" indoorLowpassGain="0.85" pitchMax="1.15" />

    <threshingStartSound       file="Sound/treshingStart.ogg"                            pitchOffset="1.30" volume="0.80" indoorVolumeFactor="0.45" indoorLowpassGain="0.75" />
    <threshingSound            file="Sound/treshingIdle.ogg"                             pitchOffset="1.30" volume="0.80" indoorVolumeFactor="0.45" indoorLowpassGain="0.75" cuttingPitchOffset="1.10" />
    <threshingStopSound        file="Sound/treshingStop.ogg"                             pitchOffset="1.30" volume="0.80" indoorVolumeFactor="0.45" indoorLowpassGain="0.75" />

    <gearboxSound              file="$data/sounds/transmission/transmissionOmega.wav"    pitchOffset="0.70" volume="0.45" indoorVolumeFactor="0.55" indoorLowpassGain="0.75" reverseVolumeMax="0.25" volumeMax="0.65" pitchMax="1.47" />
    <retarderSound             file="$data/sounds/transmission/retarderET2015.wav"       pitchOffset="0.67" volume="0.14" indoorVolumeFactor="0.67" indoorLowpassGain="0.45" pitchMax="1.50" volumeMax="0.26" minSpeed="0.01" />
   
    <attachSound               file="$data/sounds/header_attach.wav"                     pitchOffset="1.00" volume="1.00" indoorVolumeFactor="0.75" />
    <honkSound                 file="$data/sounds/hornBig.wav"                           pitchOffset="1.00" volume="1.00" indoorVolumeFactor="0.55" indoorLowpassGain="0.75" radius="70" innerRadius="10" />
    <hydraulicSound            file="$data/sounds/cultivatorHydraulic.wav"               pitchOffset="0.66" volume="1.20" indoorVolumeFactor="0.85" indoorLowpassGain="0.75" />
    <cylinderedHydraulicSound  file="$data/sounds/hydraulicUp.wav"                       pitchOffset="0.80" volume="1.10" indoorVolumeFactor="0.85" indoorLowpassGain="0.75" />
    <fillSound                 file="$data/maps/sounds/siloFillSound.wav"                pitchOffset="1.00" volume="0.70" indoorVolumeFactor="0.55" indoorLowpassGain="0.75"/>
	
	<attacherJoints>
        <attacherJoint jointType="cutter" index="0>5|0|0" jointPositionOffset="0 0 0" rotationNode="0>5|0" upperRotation="-20 0 0" lowerRotation="9 0 0" lowerTransLimit="0 0 0" lowerRotLimit="0 0 0" lockDownRotLimit="true" upperDistanceToGround="2.11" lowerDistanceToGround="1.16" moveTime="2.5" comboTime="0">
            <bottomArm rotationNode="0>5|1" startRotation="-5 0 0" />
            <schema position="0 0" rotation="0" invertX="true" />
        </attacherJoint>
    </attacherJoints>
	
	
	
	<pipe numStates="2" unloadingStates="2" raycastNodeIndex="0>4|0|0" raycastDistance="6" animName="pipeAnimation" animSpeedScale="0.7" allowDischargeToGround="true" delay="0.5" effectExtraDistanceOnTrailer="-1.4"/>
	
	<fillUnits>
        <fillUnit unit="$l10n_unit_literShort" fillTypeCategories="bulk" capacity="950000"/>
    </fillUnits>
    
	<fillVolumes>
        <volumes>
            <volume index="0>9|4" maxAllowedHeapAngle="50" maxDelta="2" />
        </volumes>

        <unloadInfos>
            <unloadInfo>
                <node index="0>9|2" width="0.4" length="0.4" />
            </unloadInfo>
        </unloadInfos>

        <loadInfos>
            <loadInfo>
                <node index="0>9|3" width="0.4" length="0.4" />
            </loadInfo>
        </loadInfos>

        <dischargeInfos>
            <dischargeInfo>
                <node index="0>4|0|1" width="0.4" length="0.4" />
            </dischargeInfo>
        </dischargeInfos>
    </fillVolumes>
	
	<pipeEffect>
        <effectNode effectClass="PipeEffect" effectNode="0>4|0|2|0" materialType="pipe"  materialTypeId="1" delay="0"   maxBending="1"  positionUpdateNodes="0>4|0|2|1"/>
        <effectNode                          effectNode="0>4|0|2|1" materialType="smoke" materialTypeId="1" delay="0.1" alignToWorldY="true"/>
    </pipeEffect>

    <combine toggleTime="3500">
        <chopperSwitch available="true" />
        <fillEffect>
            <effectNode effectNode="0>9|0|0|0" materialType="unloading" materialTypeId="3" delay="0" />
            <effectNode effectNode="0>9|0|0|1" materialType="smoke"     materialTypeId="1" delay="0.1" />
        </fillEffect>
        <strawParticleSystems>
            <emitterShape node="0>9|0|1|0" particleType="smoke" />
        </strawParticleSystems>
    </combine>
	
	<workAreas>
        <workArea startIndex="0>9|1|0" widthIndex="0>9|1|1" heightIndex="0>9|1|2" type="combine" />
    </workAreas>
	
    <animations>
	    <animation name="pipeAnimation">
            <part node="0>4|0"   startTime="0" endTime="2" startRot="0 0 0" endRot="0 -88 0" />
            <part node="0>4|1|0" startTime="0" endTime="2" startRot="0 0 0" endRot="0 -45 0" />
			<part node="0>8|3|0" startTime="0" endTime="1" startRot="0 0 0" endRot="-25 0 0" />
        </animation>
        <animation name="fuelDisplay">
            <part node="0>8|4|0|0" startTime="0" endTime="1" startRot="0 0 0" endRot="0 0 70"/>
        </animation>
        <animation name="rpmDisplay">
            <part node="0>8|3|5"    startTime="0" endTime="1.5" startRot="0 0 0" endRot="-35 0 0"/>
            <part node="0>8|4|3|0"  startTime="0" endTime="1"   startRot="0 0 0" endRot="0 -120 0"/>
			<part node="0>8|4|4|0"  startTime="0" endTime="1"   startRot="0 0 0" endRot="0 -80 0"/>
        </animation>
		<animation name="speedDisplay">
			<part node="0>8|4|1|0"  startTime="0" endTime="1" startRot="0 0 0"   endRot="0 0 45" />
			<part node="0>8|4|2|0"  startTime="0" endTime="1" startRot="0 0 0"   endRot="0 0 40" />
        </animation>
        
    </animations>
    
    <turnedOnRotationNodes>
        <turnedOnRotationNode index="0>8|1|2|0"    type="motor"   rotSpeed="500"  rotAxis="2" turnOnFadeTime="4" turnOffFadeTime="3" />
		<turnedOnRotationNode index="0>8|2|13"     type="motor"   rotSpeed="500"  rotAxis="1" turnOnFadeTime="4" turnOffFadeTime="3" />
		<turnedOnRotationNode index="0>8|2|14"     type="motor"   rotSpeed="1100" rotAxis="1" turnOnFadeTime="4" turnOffFadeTime="3" />
		<turnedOnRotationNode index="0>8|2|18"     type="motor"   rotSpeed="700"  rotAxis="1" turnOnFadeTime="4" turnOffFadeTime="3" />
		
        <turnedOnRotationNode index="0>8|2|0"      type="combine" rotSpeed="700"   rotAxis="1" turnOnFadeTime="2" turnOffFadeTime="2" />
		<turnedOnRotationNode index="0>8|2|1"      type="combine" rotSpeed="600"   rotAxis="1" turnOnFadeTime="2" turnOffFadeTime="2" />
		<turnedOnRotationNode index="0>8|2|2"      type="combine" rotSpeed="-900"   rotAxis="1" turnOnFadeTime="2" turnOffFadeTime="2" />
		<turnedOnRotationNode index="0>8|2|3"      type="combine" rotSpeed="700"   rotAxis="1" turnOnFadeTime="2" turnOffFadeTime="2" />
		<turnedOnRotationNode index="0>8|2|4"      type="combine" rotSpeed="500"   rotAxis="1" turnOnFadeTime="2" turnOffFadeTime="2" />
		<turnedOnRotationNode index="0>8|2|5"      type="combine" rotSpeed="500"   rotAxis="1" turnOnFadeTime="2" turnOffFadeTime="2" />
		<turnedOnRotationNode index="0>8|2|5|0|0"  type="combine" rotSpeed="-500"  rotAxis="1" turnOnFadeTime="2" turnOffFadeTime="2" />
		<turnedOnRotationNode index="0>8|2|7"      type="combine" rotSpeed="600"   rotAxis="1" turnOnFadeTime="2" turnOffFadeTime="2" />
		<turnedOnRotationNode index="0>8|2|9"      type="combine" rotSpeed="700"   rotAxis="1" turnOnFadeTime="2" turnOffFadeTime="2" />
		<turnedOnRotationNode index="0>8|2|10"     type="combine" rotSpeed="700"   rotAxis="1" turnOnFadeTime="2" turnOffFadeTime="2" />
		<turnedOnRotationNode index="0>8|2|15"     type="combine" rotSpeed="400"   rotAxis="1" turnOnFadeTime="2" turnOffFadeTime="2" />
		<turnedOnRotationNode index="0>8|2|16"     type="combine" rotSpeed="700"   rotAxis="1" turnOnFadeTime="2" turnOffFadeTime="2" />
		<turnedOnRotationNode index="0>8|2|17"     type="combine" rotSpeed="600"   rotAxis="1" turnOnFadeTime="2" turnOffFadeTime="2" />
		
		<turnedOnRotationNode index="0>8|2|19"     type="combine" rotSpeed="600"   rotAxis="1" turnOnFadeTime="2" turnOffFadeTime="2" />
		<turnedOnRotationNode index="0>8|2|19|1"   type="combine" rotSpeed="-600"  rotAxis="1" turnOnFadeTime="2" turnOffFadeTime="2" />
		<turnedOnRotationNode index="0>8|2|19|2"   type="combine" rotSpeed="-600"  rotAxis="1" turnOnFadeTime="2" turnOffFadeTime="2" />
    </turnedOnRotationNodes>
	
	
    <characterNode index="0>7|0" cameraMinDistance="1.5" filename="$dataS2/character/player/player.xml" spineRotation="180 0 108">
        <target ikChain="rightFoot" targetNode="0>7|1" setDirty="true"/>
        <target ikChain="leftFoot" targetNode="0>7|2" setDirty="true"/>
        <target ikChain="rightArm" targetNode="0>6|0|0" setDirty="true"/>
        <target ikChain="leftArm" targetNode="0>6|0|1" setDirty="true"/>
    </characterNode>
	
	<overloading capacity="1500">
        <trailerTriggers>
            <trailerTrigger index="0>10" />
        </trailerTriggers>
    </overloading>
	<allowFillFromAir value="false" />
	
    <ai>
        <trafficCollisionTrigger index="0>11"/>
    </ai>
	
    <washable dirtDuration="50" washDuration="1" workMultiplier="4"/>
	
	<components count="2">
        <component1 centerOfMass="0 0.92 0.4" solverIterationCount="10" />
        <component2 centerOfMass="0 0 0" solverIterationCount="10" />
        <joint component1="0" component2="1" index="0>0|1" rotLimit="0 0 10" transLimit="0 0 0" maxRotDriveForce="0 0 50" rotDriveRotation="- - 0" rotDriveSpring="0 0 25" rotDriveDamping="0 0 25" breakable="false"/>
    </components>
	
    <schemaOverlay file="$dataS2/menu/schemas/vehicleSchema.png" fileSelected="$dataS2/menu/schemas/vehicleSchemaSelected.png" fileTurnedOn="$dataS2/menu/schemas/vehicleSchemaTurnedOn.png" fileSelectedTurnedOn="$dataS2/menu/schemas/vehicleSchemaSelectedTurnedOn.png" width="0.5" height="0.5" attacherJointPosition="0.5 0"/>
    
</vehicle>
