<?xml version="1.0" encoding="utf-8" standalone="no"?>
<modDesc descVersion="32">
    <author>Cipher</author>
    <version>1.0.0.0</version>
    <title>
        <en>Enisey_1200_1</en>
        <ru>Енисей_1200_1</ru>
    </title>
    <description>
        <en>Enisey_1200_1</en>
        <ru>Енисей_1200_1</ru>
    </description>
    <iconFilename>Textures/store_Enisey.dds</iconFilename>
    <multiplayer supported="true"/>
    
	
	
	<vehicleTypes>
        <type name="Enisey_1200_1" className="Vehicle" filename="$dataS/scripts/vehicles/Vehicle.lua">
           <specialization name="attacherJoints" />
           <specialization name="lights" />
           <specialization name="workArea" />
           <specialization name="animatedVehicle" />
           <specialization name="turnOnVehicle" />
           <specialization name="cylindered" />
           <specialization name="foldable" />
           <specialization name="motorized" />
           <specialization name="steerable" />
           <specialization name="drivable" />
           <specialization name="fillable" />
           <specialization name="fillVolume" />
           <specialization name="overloading" />
           <specialization name="pipe" />
           <specialization name="combine" />
           <specialization name="aiVehicle" />
           <specialization name="honk" />
           <specialization name="bunkerSiloCompacter" />
           <specialization name="washable" />
           <specialization name="mountable" />
        </type>
    </vehicleTypes>
	
    <storeItems>
        <storeItem xmlFilename="Enisey_1200_1.xml"/>
		<storeItem xmlFilename="ZHKN_5.xml"/>
    </storeItems>
    <brands>
        <brand name="KZK" title="KZK" image="Textures/KZK.dds"/>
    </brands>
</modDesc>
