﻿<?xml version="1.0" encoding="utf-8" standalone="no" ?>
<vehicle type="cutter_animated">
    <annotation>Copyright (C) GIANTS Software GmbH, All Rights Reserved.</annotation>
	<storeData>
        <name>ZHKN_5</name>
        <specs>
            <workingWidth>5.0</workingWidth>
            <combination>1200_1</combination>
        </specs>
        <functions>
            <function>$l10n_function_cutter</function>
        </functions>
        <image>Textures/store.dds</image>
        <price>153</price>
        <dailyUpkeep>0</dailyUpkeep>
        <lifetime>1600</lifetime>
        <rotation>0</rotation>
        <brand>KZK</brand>
        <category>cutters</category>
        <fieldJob sizeCategory="1" typeCategory="cutter" >
            <dependency filename="Enisey_1200_1.xml" />
        </fieldJob>
        <vertexBufferMemoryUsage>770816</vertexBufferMemoryUsage>
        <indexBufferMemoryUsage>106788</indexBufferMemoryUsage>
        <textureMemoryUsage>8388712</textureMemoryUsage>
        <instanceVertexBufferMemoryUsage>0</instanceVertexBufferMemoryUsage>
        <instanceIndexBufferMemoryUsage>0</instanceIndexBufferMemoryUsage>
    </storeData>

    <typeDesc>$l10n_typeDesc_cutter</typeDesc>
    <filename>ZHKN_5.i3d</filename>

    <size width="5.5" length="2.5" />
    <speedLimit value="10" />
    <powerConsumer neededPtoPower="50"/>

    <turnedOnRotationNodes>
        <turnedOnRotationNode index="0>0|0"   type="cutter" rotSpeed="300" rotAxis="1" />
		<turnedOnRotationNode index="0>0|1"   type="cutter" rotSpeed="900" rotAxis="1" />
		<turnedOnRotationNode index="0>0|2"   type="cutter" rotSpeed="500" rotAxis="1" />
		<turnedOnRotationNode index="0>0|3"   type="cutter" rotSpeed="500" rotAxis="1" />
		<turnedOnRotationNode index="0>0|4"   type="cutter" rotSpeed="500" rotAxis="1" />
		<turnedOnRotationNode index="0>0|5"   type="cutter" rotSpeed="500" rotAxis="1" />
		<turnedOnRotationNode index="0>0|6"   type="cutter" rotSpeed="900" rotAxis="1" />
		<turnedOnRotationNode index="0>0|7"   type="cutter" rotSpeed="900" rotAxis="1" />
		
		<turnedOnRotationNode index="0>1"     type="cutter" rotSpeed="250" rotAxis="1" />
        <turnedOnRotationNode index="0>1|0"   type="cutter" rotSpeed="-250" rotAxis="1" />
		<turnedOnRotationNode index="0>1|1"   type="cutter" rotSpeed="-250" rotAxis="1" />
		<turnedOnRotationNode index="0>1|2"   type="cutter" rotSpeed="-250" rotAxis="1" />
		<turnedOnRotationNode index="0>1|3"   type="cutter" rotSpeed="-250" rotAxis="1" />
		<turnedOnRotationNode index="0>1|4"   type="cutter" rotSpeed="-250" rotAxis="1" />
		
    </turnedOnRotationNodes>

    <workAreas>
        <workArea startIndex="0>4|0" widthIndex="0>4|1" heightIndex="0>4|2" type="cutter" />
    </workAreas>

    <inputAttacherJoints>
        <inputAttacherJoint index="0>3" jointType="cutter" upperDistanceToGround="1.35" lowerDistanceToGround="1.1" ptoInputNode="0>6" upperRotationOffset="0" lowerRotationOffset="-10" forceSelectionOnAttach="false"/>
    </inputAttacherJoints>

    <ai>
        <areaMarkers leftIndex="0>4|3" rightIndex="0>4|4" backIndex="0>4|5" />
        <trafficCollisionTrigger index="0>7" />
    </ai>
    <dynamicMount forceLimitScale="1" />

    <cutter fruitTypeCategories="grainHeader">
        <testAreas>
            <testArea startIndex="0>5|0" widthIndex="0>5|0|0" heightIndex="0>5|0|1" />
            <testArea startIndex="0>5|1" widthIndex="0>5|1|0" heightIndex="0>5|1|1" />
            <testArea startIndex="0>5|2" widthIndex="0>5|2|0" heightIndex="0>5|2|1" />
            <testArea startIndex="0>5|3" widthIndex="0>5|3|0" heightIndex="0>5|3|1" />
        </testAreas>
        <effect>
            <effectNode linkNode="0>6|0" speedScale="0.0018" lengthAndRadius="0 0 -0.5 0.25" effectType="CENTER" changeSpeedScale="0.01" />
            <effectNode linkNode="0>6|1" speedScale="0.0013" lengthAndRadius="0.75 1 1 1"    effectType="LEFT"  useInterpolation="true" minOffset="2.5" />
            <effectNode linkNode="0>6|2" speedScale="0.0013" lengthAndRadius="0.75 1 1 1"    effectType="RIGHT" useInterpolation="true" minOffset="2.5" useMaxValue="true"/>
        </effect>
        <threshingParticleSystems>
            <threshingParticleSystem node="0>" file="$data/particleSystems/shared/threshingCutterParticles.i3d" />
        </threshingParticleSystems>
    </cutter>

    <washable dirtDuration="300" washDuration="1" workMultiplier="2" />

    <components count="1">
        <component1 centerOfMass="0 0.15 -0.25" />
    </components>

    <schemaOverlay file="$dataS2/menu/schemas/implementSchema.png" fileSelected="$dataS2/menu/schemas/implementSchemaSelected.png" width="0.5" height="0.5" attacherJointPosition="0 0"/>

</vehicle>
