﻿<?xml version="1.0" encoding="utf-8" standalone="no" ?>
<modDesc descVersion="31">
    <author>Iceman</author>
    <version>1.0.0.0</version>
    <title>
        <en>Silage Bunker Cleaner</en>
    </title>
    <description>
        <en>
		Best used after bunker has been cleared. Be aware, this mod can remove contents from adjacent bunkers as well.
            <![CDATA[Price: 0 €
Max. working speed: 15 kph
Required power: 40 hp
Working width: 5 m
Maintenance: 0 € / day
]]>
        </en>
        <de>
		Am besten benutzt, nachdem Bunker gelöscht wurde. Vorsicht, dieser Mod kann Inhalte von angrenzenden Bunkern zu entfernen.
            <![CDATA[Preis: 0 €
Arbeitsgeschwindigkeit: 15 km/h
Benötigte Leistung: 40 PS
Arbeitsbreite: 5 m
Unterhaltskosten: 0 € / Tag
]]>
        </de>
        <fr>
		Meilleur utilisé après bunker a été effacé. Attention, ce mod peut supprimer le contenu de bunkers adjacents ainsi.
            <![CDATA[Prix: 0 €
Vitesse de travail : 15 km/h
Puissance requise : 40 ch
Largeur de travail : 5 m
Entretien : 0 € / jour
]]>
        </fr>
    </description>
    <iconFilename>icon_lizardR5000.dds</iconFilename>
    <multiplayer supported="true" />

    <storeItems>
        <storeItem xmlFilename="lizardR5000.xml"/>
    </storeItems>
</modDesc>
